DATAFLOW,LAST UPDATE,freq,itm_newa,indic_ag,unit,geo,TIME_PERIOD,OBS_VALUE,OBS_FLAG
ESTAT:AACT_EAA01$DEFAULTVIEW(1.0),15/07/22 23:00:00,A,01000,PROD_BP,MIO_EUR,AT,2012,1029.21,
ESTAT:AACT_EAA01$DEFAULTVIEW(1.0),15/07/22 23:00:00,A,01000,PROD_BP,MIO_EUR,AT,2013,717.58,
ESTAT:AACT_EAA01$DEFAULTVIEW(1.0),15/07/22 23:00:00,A,01000,PROD_BP,MIO_EUR,AT,2014,769.41,
ESTAT:AACT_EAA01$DEFAULTVIEW(1.0),15/07/22 23:00:00,A,01000,PROD_BP,MIO_EUR,AT,2015,728.38,
ESTAT:AACT_EAA01$DEFAULTVIEW(1.0),15/07/22 23:00:00,A,01000,PROD_BP,MIO_EUR,AT,2016,749.33,
ESTAT:AACT_EAA01$DEFAULTVIEW(1.0),15/07/22 23:00:00,A,01000,PROD_BP,MIO_EUR,AT,2017,754.06,
ESTAT:AACT_EAA01$DEFAULTVIEW(1.0),15/07/22 23:00:00,A,01000,PROD_BP,MIO_EUR,AT,2018,776.48,
ESTAT:AACT_EAA01$DEFAULTVIEW(1.0),15/07/22 23:00:00,A,01000,PROD_BP,MIO_EUR,AT,2019,801.97,
ESTAT:AACT_EAA01$DEFAULTVIEW(1.0),15/07/22 23:00:00,A,01000,PROD_BP,MIO_EUR,AT,2020,834.08,
ESTAT:AACT_EAA01$DEFAULTVIEW(1.0),15/07/22 23:00:00,A,01000,PROD_BP,MIO_EUR,AT,2021,1129.15,e
ESTAT:AACT_EAA01$DEFAULTVIEW(1.0),15/07/22 23:00:00,A,01000,PROD_BP,MIO_EUR,BE,2012,606.09,
ESTAT:AACT_EAA01$DEFAULTVIEW(1.0),15/07/22 23:00:00,A,01000,PROD_BP,MIO_EUR,BE,2013,513.17,
ESTAT:AACT_EAA01$DEFAULTVIEW(1.0),15/07/22 23:00:00,A,01000,PROD_BP,MIO_EUR,BE,2014,451.63,
ESTAT:AACT_EAA01$DEFAULTVIEW(1.0),15/07/22 23:00:00,A,01000,PROD_BP,MIO_EUR,BE,2015,453.76,
ESTAT:AACT_EAA01$DEFAULTVIEW(1.0),15/07/22 23:00:00,A,01000,PROD_BP,MIO_EUR,BE,2016,305.91,
ESTAT:AACT_EAA01$DEFAULTVIEW(1.0),15/07/22 23:00:00,A,01000,PROD_BP,MIO_EUR,BE,2017,376.77,
ESTAT:AACT_EAA01$DEFAULTVIEW(1.0),15/07/22 23:00:00,A,01000,PROD_BP,MIO_EUR,BE,2018,417.79,
ESTAT:AACT_EAA01$DEFAULTVIEW(1.0),15/07/22 23:00:00,A,01000,PROD_BP,MIO_EUR,BE,2019,435.90,
ESTAT:AACT_EAA01$DEFAULTVIEW(1.0),15/07/22 23:00:00,A,01000,PROD_BP,MIO_EUR,BE,2020,486.37,
ESTAT:AACT_EAA01$DEFAULTVIEW(1.0),15/07/22 23:00:00,A,01000,PROD_BP,MIO_EUR,BE,2021,618.04,e
ESTAT:AACT_EAA01$DEFAULTVIEW(1.0),15/07/22 23:00:00,A,01000,PROD_BP,MIO_EUR,BG,2012,1311.49,
ESTAT:AACT_EAA01$DEFAULTVIEW(1.0),15/07/22 23:00:00,A,01000,PROD_BP,MIO_EUR,BG,2013,1258.57,
ESTAT:AACT_EAA01$DEFAULTVIEW(1.0),15/07/22 23:00:00,A,01000,PROD_BP,MIO_EUR,BG,2014,1330.84,
ESTAT:AACT_EAA01$DEFAULTVIEW(1.0),15/07/22 23:00:00,A,01000,PROD_BP,MIO_EUR,BG,2015,1228.73,
ESTAT:AACT_EAA01$DEFAULTVIEW(1.0),15/07/22 23:00:00,A,01000,PROD_BP,MIO_EUR,BG,2016,1199.37,
ESTAT:AACT_EAA01$DEFAULTVIEW(1.0),15/07/22 23:00:00,A,01000,PROD_BP,MIO_EUR,BG,2017,1246.43,
ESTAT:AACT_EAA01$DEFAULTVIEW(1.0),15/07/22 23:00:00,A,01000,PROD_BP,MIO_EUR,BG,2018,1443.72,
ESTAT:AACT_EAA01$DEFAULTVIEW(1.0),15/07/22 23:00:00,A,01000,PROD_BP,MIO_EUR,BG,2019,1499.80,
ESTAT:AACT_EAA01$DEFAULTVIEW(1.0),15/07/22 23:00:00,A,01000,PROD_BP,MIO_EUR,BG,2020,1333.72,
ESTAT:AACT_EAA01$DEFAULTVIEW(1.0),15/07/22 23:00:00,A,01000,PROD_BP,MIO_EUR,BG,2021,2147.62,e
ESTAT:AACT_EAA01$DEFAULTVIEW(1.0),15/07/22 23:00:00,A,01000,PROD_BP,MIO_EUR,CH,2012,308.64,
ESTAT:AACT_EAA01$DEFAULTVIEW(1.0),15/07/22 23:00:00,A,01000,PROD_BP,MIO_EUR,CH,2013,279.29,
ESTAT:AACT_EAA01$DEFAULTVIEW(1.0),15/07/22 23:00:00,A,01000,PROD_BP,MIO_EUR,CH,2014,303.51,
ESTAT:AACT_EAA01$DEFAULTVIEW(1.0),15/07/22 23:00:00,A,01000,PROD_BP,MIO_EUR,CH,2015,347.50,
ESTAT:AACT_EAA01$DEFAULTVIEW(1.0),15/07/22 23:00:00,A,01000,PROD_BP,MIO_EUR,CH,2016,276.16,
ESTAT:AACT_EAA01$DEFAULTVIEW(1.0),15/07/22 23:00:00,A,01000,PROD_BP,MIO_EUR,CH,2017,341.44,
ESTAT:AACT_EAA01$DEFAULTVIEW(1.0),15/07/22 23:00:00,A,01000,PROD_BP,MIO_EUR,CH,2018,298.10,
ESTAT:AACT_EAA01$DEFAULTVIEW(1.0),15/07/22 23:00:00,A,01000,PROD_BP,MIO_EUR,CH,2019,340.27,
ESTAT:AACT_EAA01$DEFAULTVIEW(1.0),15/07/22 23:00:00,A,01000,PROD_BP,MIO_EUR,CH,2020,374.58,
ESTAT:AACT_EAA01$DEFAULTVIEW(1.0),15/07/22 23:00:00,A,01000,PROD_BP,MIO_EUR,CH,2021,322.80,e
ESTAT:AACT_EAA01$DEFAULTVIEW(1.0),15/07/22 23:00:00,A,01000,PROD_BP,MIO_EUR,CY,2012,10.71,
ESTAT:AACT_EAA01$DEFAULTVIEW(1.0),15/07/22 23:00:00,A,01000,PROD_BP,MIO_EUR,CY,2013,12.52,
ESTAT:AACT_EAA01$DEFAULTVIEW(1.0),15/07/22 23:00:00,A,01000,PROD_BP,MIO_EUR,CY,2014,1.83,
ESTAT:AACT_EAA01$DEFAULTVIEW(1.0),15/07/22 23:00:00,A,01000,PROD_BP,MIO_EUR,CY,2015,18.65,
ESTAT:AACT_EAA01$DEFAULTVIEW(1.0),15/07/22 23:00:00,A,01000,PROD_BP,MIO_EUR,CY,2016,3.19,
ESTAT:AACT_EAA01$DEFAULTVIEW(1.0),15/07/22 23:00:00,A,01000,PROD_BP,MIO_EUR,CY,2017,7.18,
ESTAT:AACT_EAA01$DEFAULTVIEW(1.0),15/07/22 23:00:00,A,01000,PROD_BP,MIO_EUR,CY,2018,5.84,
ESTAT:AACT_EAA01$DEFAULTVIEW(1.0),15/07/22 23:00:00,A,01000,PROD_BP,MIO_EUR,CY,2019,12.64,
ESTAT:AACT_EAA01$DEFAULTVIEW(1.0),15/07/22 23:00:00,A,01000,PROD_BP,MIO_EUR,CY,2020,15.67,
ESTAT:AACT_EAA01$DEFAULTVIEW(1.0),15/07/22 23:00:00,A,01000,PROD_BP,MIO_EUR,CY,2021,13.83,e
ESTAT:AACT_EAA01$DEFAULTVIEW(1.0),15/07/22 23:00:00,A,01000,PROD_BP,MIO_EUR,CZ,2012,1286.80,
ESTAT:AACT_EAA01$DEFAULTVIEW(1.0),15/07/22 23:00:00,A,01000,PROD_BP,MIO_EUR,CZ,2013,1252.84,
ESTAT:AACT_EAA01$DEFAULTVIEW(1.0),15/07/22 23:00:00,A,01000,PROD_BP,MIO_EUR,CZ,2014,1233.46,
ESTAT:AACT_EAA01$DEFAULTVIEW(1.0),15/07/22 23:00:00,A,01000,PROD_BP,MIO_EUR,CZ,2015,1207.39,
ESTAT:AACT_EAA01$DEFAULTVIEW(1.0),15/07/22 23:00:00,A,01000,PROD_BP,MIO_EUR,CZ,2016,1158.70,
ESTAT:AACT_EAA01$DEFAULTVIEW(1.0),15/07/22 23:00:00,A,01000,PROD_BP,MIO_EUR,CZ,2017,1085.51,
ESTAT:AACT_EAA01$DEFAULTVIEW(1.0),15/07/22 23:00:00,A,01000,PROD_BP,MIO_EUR,CZ,2018,1180.00,
ESTAT:AACT_EAA01$DEFAULTVIEW(1.0),15/07/22 23:00:00,A,01000,PROD_BP,MIO_EUR,CZ,2019,1219.29,
ESTAT:AACT_EAA01$DEFAULTVIEW(1.0),15/07/22 23:00:00,A,01000,PROD_BP,MIO_EUR,CZ,2020,1304.53,
ESTAT:AACT_EAA01$DEFAULTVIEW(1.0),15/07/22 23:00:00,A,01000,PROD_BP,MIO_EUR,CZ,2021,1522.04,e
ESTAT:AACT_EAA01$DEFAULTVIEW(1.0),15/07/22 23:00:00,A,01000,PROD_BP,MIO_EUR,DE,2012,8239.27,
ESTAT:AACT_EAA01$DEFAULTVIEW(1.0),15/07/22 23:00:00,A,01000,PROD_BP,MIO_EUR,DE,2013,8685.59,
ESTAT:AACT_EAA01$DEFAULTVIEW(1.0),15/07/22 23:00:00,A,01000,PROD_BP,MIO_EUR,DE,2014,7652.19,
ESTAT:AACT_EAA01$DEFAULTVIEW(1.0),15/07/22 23:00:00,A,01000,PROD_BP,MIO_EUR,DE,2015,7087.47,
ESTAT:AACT_EAA01$DEFAULTVIEW(1.0),15/07/22 23:00:00,A,01000,PROD_BP,MIO_EUR,DE,2016,5659.29,
ESTAT:AACT_EAA01$DEFAULTVIEW(1.0),15/07/22 23:00:00,A,01000,PROD_BP,MIO_EUR,DE,2017,6664.60,
ESTAT:AACT_EAA01$DEFAULTVIEW(1.0),15/07/22 23:00:00,A,01000,PROD_BP,MIO_EUR,DE,2018,5567.63,
ESTAT:AACT_EAA01$DEFAULTVIEW(1.0),15/07/22 23:00:00,A,01000,PROD_BP,MIO_EUR,DE,2019,7167.32,
ESTAT:AACT_EAA01$DEFAULTVIEW(1.0),15/07/22 23:00:00,A,01000,PROD_BP,MIO_EUR,DE,2020,7072.92,
ESTAT:AACT_EAA01$DEFAULTVIEW(1.0),15/07/22 23:00:00,A,01000,PROD_BP,MIO_EUR,DE,2021,9124.65,e
ESTAT:AACT_EAA01$DEFAULTVIEW(1.0),15/07/22 23:00:00,A,01000,PROD_BP,MIO_EUR,DK,2012,1949.76,
ESTAT:AACT_EAA01$DEFAULTVIEW(1.0),15/07/22 23:00:00,A,01000,PROD_BP,MIO_EUR,DK,2013,1302.19,
ESTAT:AACT_EAA01$DEFAULTVIEW(1.0),15/07/22 23:00:00,A,01000,PROD_BP,MIO_EUR,DK,2014,1357.07,
ESTAT:AACT_EAA01$DEFAULTVIEW(1.0),15/07/22 23:00:00,A,01000,PROD_BP,MIO_EUR,DK,2015,1629.77,
ESTAT:AACT_EAA01$DEFAULTVIEW(1.0),15/07/22 23:00:00,A,01000,PROD_BP,MIO_EUR,DK,2016,1129.68,
ESTAT:AACT_EAA01$DEFAULTVIEW(1.0),15/07/22 23:00:00,A,01000,PROD_BP,MIO_EUR,DK,2017,1358.64,
ESTAT:AACT_EAA01$DEFAULTVIEW(1.0),15/07/22 23:00:00,A,01000,PROD_BP,MIO_EUR,DK,2018,1142.85,
ESTAT:AACT_EAA01$DEFAULTVIEW(1.0),15/07/22 23:00:00,A,01000,PROD_BP,MIO_EUR,DK,2019,1378.37,
ESTAT:AACT_EAA01$DEFAULTVIEW(1.0),15/07/22 23:00:00,A,01000,PROD_BP,MIO_EUR,DK,2020,1399.92,
ESTAT:AACT_EAA01$DEFAULTVIEW(1.0),15/07/22 23:00:00,A,01000,PROD_BP,MIO_EUR,DK,2021,1522.44,e
ESTAT:AACT_EAA01$DEFAULTVIEW(1.0),15/07/22 23:00:00,A,01000,PROD_BP,MIO_EUR,EA,2012,37235.08,
ESTAT:AACT_EAA01$DEFAULTVIEW(1.0),15/07/22 23:00:00,A,01000,PROD_BP,MIO_EUR,EA,2013,34307.24,
ESTAT:AACT_EAA01$DEFAULTVIEW(1.0),15/07/22 23:00:00,A,01000,PROD_BP,MIO_EUR,EA,2014,31841.69,
ESTAT:AACT_EAA01$DEFAULTVIEW(1.0),15/07/22 23:00:00,A,01000,PROD_BP,MIO_EUR,EA,2015,32060.96,
ESTAT:AACT_EAA01$DEFAULTVIEW(1.0),15/07/22 23:00:00,A,01000,PROD_BP,MIO_EUR,EA,2016,26649.94,
ESTAT:AACT_EAA01$DEFAULTVIEW(1.0),15/07/22 23:00:00,A,01000,PROD_BP,MIO_EUR,EA,2017,28108.51,
ESTAT:AACT_EAA01$DEFAULTVIEW(1.0),15/07/22 23:00:00,A,01000,PROD_BP,MIO_EUR,EA,2018,29477.36,
ESTAT:AACT_EAA01$DEFAULTVIEW(1.0),15/07/22 23:00:00,A,01000,PROD_BP,MIO_EUR,EA,2019,31281.77,
ESTAT:AACT_EAA01$DEFAULTVIEW(1.0),15/07/22 23:00:00,A,01000,PROD_BP,MIO_EUR,EA,2020,31930.51,
ESTAT:AACT_EAA01$DEFAULTVIEW(1.0),15/07/22 23:00:00,A,01000,PROD_BP,MIO_EUR,EA,2021,42034.03,e
ESTAT:AACT_EAA01$DEFAULTVIEW(1.0),15/07/22 23:00:00,A,01000,PROD_BP,MIO_EUR,EE,2012,208.32,
ESTAT:AACT_EAA01$DEFAULTVIEW(1.0),15/07/22 23:00:00,A,01000,PROD_BP,MIO_EUR,EE,2013,146.18,
ESTAT:AACT_EAA01$DEFAULTVIEW(1.0),15/07/22 23:00:00,A,01000,PROD_BP,MIO_EUR,EE,2014,175.88,
ESTAT:AACT_EAA01$DEFAULTVIEW(1.0),15/07/22 23:00:00,A,01000,PROD_BP,MIO_EUR,EE,2015,211.29,
ESTAT:AACT_EAA01$DEFAULTVIEW(1.0),15/07/22 23:00:00,A,01000,PROD_BP,MIO_EUR,EE,2016,111.69,
ESTAT:AACT_EAA01$DEFAULTVIEW(1.0),15/07/22 23:00:00,A,01000,PROD_BP,MIO_EUR,EE,2017,175.90,
ESTAT:AACT_EAA01$DEFAULTVIEW(1.0),15/07/22 23:00:00,A,01000,PROD_BP,MIO_EUR,EE,2018,149.05,
ESTAT:AACT_EAA01$DEFAULTVIEW(1.0),15/07/22 23:00:00,A,01000,PROD_BP,MIO_EUR,EE,2019,222.01,
ESTAT:AACT_EAA01$DEFAULTVIEW(1.0),15/07/22 23:00:00,A,01000,PROD_BP,MIO_EUR,EE,2020,244.15,
ESTAT:AACT_EAA01$DEFAULTVIEW(1.0),15/07/22 23:00:00,A,01000,PROD_BP,MIO_EUR,EE,2021,248.88,e
ESTAT:AACT_EAA01$DEFAULTVIEW(1.0),15/07/22 23:00:00,A,01000,PROD_BP,MIO_EUR,EL,2012,1093.83,
ESTAT:AACT_EAA01$DEFAULTVIEW(1.0),15/07/22 23:00:00,A,01000,PROD_BP,MIO_EUR,EL,2013,956.06,
ESTAT:AACT_EAA01$DEFAULTVIEW(1.0),15/07/22 23:00:00,A,01000,PROD_BP,MIO_EUR,EL,2014,874.06,
ESTAT:AACT_EAA01$DEFAULTVIEW(1.0),15/07/22 23:00:00,A,01000,PROD_BP,MIO_EUR,EL,2015,865.02,
ESTAT:AACT_EAA01$DEFAULTVIEW(1.0),15/07/22 23:00:00,A,01000,PROD_BP,MIO_EUR,EL,2016,785.56,
ESTAT:AACT_EAA01$DEFAULTVIEW(1.0),15/07/22 23:00:00,A,01000,PROD_BP,MIO_EUR,EL,2017,724.96,
ESTAT:AACT_EAA01$DEFAULTVIEW(1.0),15/07/22 23:00:00,A,01000,PROD_BP,MIO_EUR,EL,2018,668.02,
ESTAT:AACT_EAA01$DEFAULTVIEW(1.0),15/07/22 23:00:00,A,01000,PROD_BP,MIO_EUR,EL,2019,657.04,
ESTAT:AACT_EAA01$DEFAULTVIEW(1.0),15/07/22 23:00:00,A,01000,PROD_BP,MIO_EUR,EL,2020,683.50,
ESTAT:AACT_EAA01$DEFAULTVIEW(1.0),15/07/22 23:00:00,A,01000,PROD_BP,MIO_EUR,EL,2021,761.75,e
ESTAT:AACT_EAA01$DEFAULTVIEW(1.0),15/07/22 23:00:00,A,01000,PROD_BP,MIO_EUR,ES,2012,4011.10,
ESTAT:AACT_EAA01$DEFAULTVIEW(1.0),15/07/22 23:00:00,A,01000,PROD_BP,MIO_EUR,ES,2013,4421.59,
ESTAT:AACT_EAA01$DEFAULTVIEW(1.0),15/07/22 23:00:00,A,01000,PROD_BP,MIO_EUR,ES,2014,3586.85,
ESTAT:AACT_EAA01$DEFAULTVIEW(1.0),15/07/22 23:00:00,A,01000,PROD_BP,MIO_EUR,ES,2015,3607.41,
ESTAT:AACT_EAA01$DEFAULTVIEW(1.0),15/07/22 23:00:00,A,01000,PROD_BP,MIO_EUR,ES,2016,3841.08,
ESTAT:AACT_EAA01$DEFAULTVIEW(1.0),15/07/22 23:00:00,A,01000,PROD_BP,MIO_EUR,ES,2017,2966.52,
ESTAT:AACT_EAA01$DEFAULTVIEW(1.0),15/07/22 23:00:00,A,01000,PROD_BP,MIO_EUR,ES,2018,4342.57,
ESTAT:AACT_EAA01$DEFAULTVIEW(1.0),15/07/22 23:00:00,A,01000,PROD_BP,MIO_EUR,ES,2019,3621.20,
ESTAT:AACT_EAA01$DEFAULTVIEW(1.0),15/07/22 23:00:00,A,01000,PROD_BP,MIO_EUR,ES,2020,4753.41,
ESTAT:AACT_EAA01$DEFAULTVIEW(1.0),15/07/22 23:00:00,A,01000,PROD_BP,MIO_EUR,ES,2021,6050.62,e
ESTAT:AACT_EAA01$DEFAULTVIEW(1.0),15/07/22 23:00:00,A,01000,PROD_BP,MIO_EUR,EU,2012,58104.58,
ESTAT:AACT_EAA01$DEFAULTVIEW(1.0),15/07/22 23:00:00,A,01000,PROD_BP,MIO_EUR,EU,2013,51639.75,
ESTAT:AACT_EAA01$DEFAULTVIEW(1.0),15/07/22 23:00:00,A,01000,PROD_BP,MIO_EUR,EU,2014,48138.63,
ESTAT:AACT_EAA01$DEFAULTVIEW(1.0),15/07/22 23:00:00,A,01000,PROD_BP,MIO_EUR,EU,2015,46127.30,
ESTAT:AACT_EAA01$DEFAULTVIEW(1.0),15/07/22 23:00:00,A,01000,PROD_BP,MIO_EUR,EU,2016,40401.45,
ESTAT:AACT_EAA01$DEFAULTVIEW(1.0),15/07/22 23:00:00,A,01000,PROD_BP,MIO_EUR,EU,2017,42962.68,
ESTAT:AACT_EAA01$DEFAULTVIEW(1.0),15/07/22 23:00:00,A,01000,PROD_BP,MIO_EUR,EU,2018,44996.24,
ESTAT:AACT_EAA01$DEFAULTVIEW(1.0),15/07/22 23:00:00,A,01000,PROD_BP,MIO_EUR,EU,2019,47573.03,
ESTAT:AACT_EAA01$DEFAULTVIEW(1.0),15/07/22 23:00:00,A,01000,PROD_BP,MIO_EUR,EU,2020,47337.26,
ESTAT:AACT_EAA01$DEFAULTVIEW(1.0),15/07/22 23:00:00,A,01000,PROD_BP,MIO_EUR,EU,2021,63667.54,e
ESTAT:AACT_EAA01$DEFAULTVIEW(1.0),15/07/22 23:00:00,A,01000,PROD_BP,MIO_EUR,EU27_2020,2012,54811.20,
ESTAT:AACT_EAA01$DEFAULTVIEW(1.0),15/07/22 23:00:00,A,01000,PROD_BP,MIO_EUR,EU27_2020,2013,51639.75,
ESTAT:AACT_EAA01$DEFAULTVIEW(1.0),15/07/22 23:00:00,A,01000,PROD_BP,MIO_EUR,EU27_2020,2014,48138.63,
ESTAT:AACT_EAA01$DEFAULTVIEW(1.0),15/07/22 23:00:00,A,01000,PROD_BP,MIO_EUR,EU27_2020,2015,46127.30,
ESTAT:AACT_EAA01$DEFAULTVIEW(1.0),15/07/22 23:00:00,A,01000,PROD_BP,MIO_EUR,EU27_2020,2016,40401.45,
ESTAT:AACT_EAA01$DEFAULTVIEW(1.0),15/07/22 23:00:00,A,01000,PROD_BP,MIO_EUR,EU27_2020,2017,42962.68,
ESTAT:AACT_EAA01$DEFAULTVIEW(1.0),15/07/22 23:00:00,A,01000,PROD_BP,MIO_EUR,EU27_2020,2018,44996.24,
ESTAT:AACT_EAA01$DEFAULTVIEW(1.0),15/07/22 23:00:00,A,01000,PROD_BP,MIO_EUR,EU27_2020,2019,47573.03,
ESTAT:AACT_EAA01$DEFAULTVIEW(1.0),15/07/22 23:00:00,A,01000,PROD_BP,MIO_EUR,EU27_2020,2020,47337.26,
ESTAT:AACT_EAA01$DEFAULTVIEW(1.0),15/07/22 23:00:00,A,01000,PROD_BP,MIO_EUR,EU27_2020,2021,63667.54,e
ESTAT:AACT_EAA01$DEFAULTVIEW(1.0),15/07/22 23:00:00,A,01000,PROD_BP,MIO_EUR,EU27_2020_EFTA,2012,55536.86,
ESTAT:AACT_EAA01$DEFAULTVIEW(1.0),15/07/22 23:00:00,A,01000,PROD_BP,MIO_EUR,EU27_2020_EFTA,2013,52291.74,
ESTAT:AACT_EAA01$DEFAULTVIEW(1.0),15/07/22 23:00:00,A,01000,PROD_BP,MIO_EUR,EU27_2020_EFTA,2014,48878.69,
ESTAT:AACT_EAA01$DEFAULTVIEW(1.0),15/07/22 23:00:00,A,01000,PROD_BP,MIO_EUR,EU27_2020_EFTA,2015,46930.86,
ESTAT:AACT_EAA01$DEFAULTVIEW(1.0),15/07/22 23:00:00,A,01000,PROD_BP,MIO_EUR,EU27_2020_EFTA,2016,41113.84,
ESTAT:AACT_EAA01$DEFAULTVIEW(1.0),15/07/22 23:00:00,A,01000,PROD_BP,MIO_EUR,EU27_2020_EFTA,2017,43745.63,
ESTAT:AACT_EAA01$DEFAULTVIEW(1.0),15/07/22 23:00:00,A,01000,PROD_BP,MIO_EUR,EU27_2020_EFTA,2018,45565.39,
ESTAT:AACT_EAA01$DEFAULTVIEW(1.0),15/07/22 23:00:00,A,01000,PROD_BP,MIO_EUR,EU27_2020_EFTA,2019,48366.28,
ESTAT:AACT_EAA01$DEFAULTVIEW(1.0),15/07/22 23:00:00,A,01000,PROD_BP,MIO_EUR,EU27_2020_EFTA,2020,48138.13,
ESTAT:AACT_EAA01$DEFAULTVIEW(1.0),15/07/22 23:00:00,A,01000,PROD_BP,MIO_EUR,EU27_2020_EFTA,2021,64439.94,e
ESTAT:AACT_EAA01$DEFAULTVIEW(1.0),15/07/22 23:00:00,A,01000,PROD_BP,MIO_EUR,FI,2012,665.96,
ESTAT:AACT_EAA01$DEFAULTVIEW(1.0),15/07/22 23:00:00,A,01000,PROD_BP,MIO_EUR,FI,2013,703.70,
ESTAT:AACT_EAA01$DEFAULTVIEW(1.0),15/07/22 23:00:00,A,01000,PROD_BP,MIO_EUR,FI,2014,543.32,
ESTAT:AACT_EAA01$DEFAULTVIEW(1.0),15/07/22 23:00:00,A,01000,PROD_BP,MIO_EUR,FI,2015,491.85,
ESTAT:AACT_EAA01$DEFAULTVIEW(1.0),15/07/22 23:00:00,A,01000,PROD_BP,MIO_EUR,FI,2016,446.44,
ESTAT:AACT_EAA01$DEFAULTVIEW(1.0),15/07/22 23:00:00,A,01000,PROD_BP,MIO_EUR,FI,2017,447.14,
ESTAT:AACT_EAA01$DEFAULTVIEW(1.0),15/07/22 23:00:00,A,01000,PROD_BP,MIO_EUR,FI,2018,447.33,
ESTAT:AACT_EAA01$DEFAULTVIEW(1.0),15/07/22 23:00:00,A,01000,PROD_BP,MIO_EUR,FI,2019,648.13,
ESTAT:AACT_EAA01$DEFAULTVIEW(1.0),15/07/22 23:00:00,A,01000,PROD_BP,MIO_EUR,FI,2020,486.17,
ESTAT:AACT_EAA01$DEFAULTVIEW(1.0),15/07/22 23:00:00,A,01000,PROD_BP,MIO_EUR,FI,2021,436.15,e
ESTAT:AACT_EAA01$DEFAULTVIEW(1.0),15/07/22 23:00:00,A,01000,PROD_BP,MIO_EUR,FR,2012,14639.30,
ESTAT:AACT_EAA01$DEFAULTVIEW(1.0),15/07/22 23:00:00,A,01000,PROD_BP,MIO_EUR,FR,2013,11852.50,
ESTAT:AACT_EAA01$DEFAULTVIEW(1.0),15/07/22 23:00:00,A,01000,PROD_BP,MIO_EUR,FR,2014,11206.60,
ESTAT:AACT_EAA01$DEFAULTVIEW(1.0),15/07/22 23:00:00,A,01000,PROD_BP,MIO_EUR,FR,2015,11220.90,
ESTAT:AACT_EAA01$DEFAULTVIEW(1.0),15/07/22 23:00:00,A,01000,PROD_BP,MIO_EUR,FR,2016,8003.17,
ESTAT:AACT_EAA01$DEFAULTVIEW(1.0),15/07/22 23:00:00,A,01000,PROD_BP,MIO_EUR,FR,2017,9846.95,
ESTAT:AACT_EAA01$DEFAULTVIEW(1.0),15/07/22 23:00:00,A,01000,PROD_BP,MIO_EUR,FR,2018,10626.38,
ESTAT:AACT_EAA01$DEFAULTVIEW(1.0),15/07/22 23:00:00,A,01000,PROD_BP,MIO_EUR,FR,2019,10944.45,
ESTAT:AACT_EAA01$DEFAULTVIEW(1.0),15/07/22 23:00:00,A,01000,PROD_BP,MIO_EUR,FR,2020,9968.24,
ESTAT:AACT_EAA01$DEFAULTVIEW(1.0),15/07/22 23:00:00,A,01000,PROD_BP,MIO_EUR,FR,2021,14567.53,e
ESTAT:AACT_EAA01$DEFAULTVIEW(1.0),15/07/22 23:00:00,A,01000,PROD_BP,MIO_EUR,HR,2012,653.97,
ESTAT:AACT_EAA01$DEFAULTVIEW(1.0),15/07/22 23:00:00,A,01000,PROD_BP,MIO_EUR,HR,2013,448.45,
ESTAT:AACT_EAA01$DEFAULTVIEW(1.0),15/07/22 23:00:00,A,01000,PROD_BP,MIO_EUR,HR,2014,375.81,
ESTAT:AACT_EAA01$DEFAULTVIEW(1.0),15/07/22 23:00:00,A,01000,PROD_BP,MIO_EUR,HR,2015,315.34,
ESTAT:AACT_EAA01$DEFAULTVIEW(1.0),15/07/22 23:00:00,A,01000,PROD_BP,MIO_EUR,HR,2016,365.05,
ESTAT:AACT_EAA01$DEFAULTVIEW(1.0),15/07/22 23:00:00,A,01000,PROD_BP,MIO_EUR,HR,2017,323.85,
ESTAT:AACT_EAA01$DEFAULTVIEW(1.0),15/07/22 23:00:00,A,01000,PROD_BP,MIO_EUR,HR,2018,399.05,
ESTAT:AACT_EAA01$DEFAULTVIEW(1.0),15/07/22 23:00:00,A,01000,PROD_BP,MIO_EUR,HR,2019,393.12,
ESTAT:AACT_EAA01$DEFAULTVIEW(1.0),15/07/22 23:00:00,A,01000,PROD_BP,MIO_EUR,HR,2020,446.55,
ESTAT:AACT_EAA01$DEFAULTVIEW(1.0),15/07/22 23:00:00,A,01000,PROD_BP,MIO_EUR,HR,2021,636.94,e
ESTAT:AACT_EAA01$DEFAULTVIEW(1.0),15/07/22 23:00:00,A,01000,PROD_BP,MIO_EUR,HU,2012,2105.54,
ESTAT:AACT_EAA01$DEFAULTVIEW(1.0),15/07/22 23:00:00,A,01000,PROD_BP,MIO_EUR,HU,2013,2250.42,
ESTAT:AACT_EAA01$DEFAULTVIEW(1.0),15/07/22 23:00:00,A,01000,PROD_BP,MIO_EUR,HU,2014,2374.99,
ESTAT:AACT_EAA01$DEFAULTVIEW(1.0),15/07/22 23:00:00,A,01000,PROD_BP,MIO_EUR,HU,2015,2067.64,
ESTAT:AACT_EAA01$DEFAULTVIEW(1.0),15/07/22 23:00:00,A,01000,PROD_BP,MIO_EUR,HU,2016,2223.54,
ESTAT:AACT_EAA01$DEFAULTVIEW(1.0),15/07/22 23:00:00,A,01000,PROD_BP,MIO_EUR,HU,2017,1998.53,
ESTAT:AACT_EAA01$DEFAULTVIEW(1.0),15/07/22 23:00:00,A,01000,PROD_BP,MIO_EUR,HU,2018,2238.24,
ESTAT:AACT_EAA01$DEFAULTVIEW(1.0),15/07/22 23:00:00,A,01000,PROD_BP,MIO_EUR,HU,2019,2300.71,
ESTAT:AACT_EAA01$DEFAULTVIEW(1.0),15/07/22 23:00:00,A,01000,PROD_BP,MIO_EUR,HU,2020,2338.76,
ESTAT:AACT_EAA01$DEFAULTVIEW(1.0),15/07/22 23:00:00,A,01000,PROD_BP,MIO_EUR,HU,2021,2796.37,e
ESTAT:AACT_EAA01$DEFAULTVIEW(1.0),15/07/22 23:00:00,A,01000,PROD_BP,MIO_EUR,IE,2012,419.26,
ESTAT:AACT_EAA01$DEFAULTVIEW(1.0),15/07/22 23:00:00,A,01000,PROD_BP,MIO_EUR,IE,2013,379.08,
ESTAT:AACT_EAA01$DEFAULTVIEW(1.0),15/07/22 23:00:00,A,01000,PROD_BP,MIO_EUR,IE,2014,372.72,
ESTAT:AACT_EAA01$DEFAULTVIEW(1.0),15/07/22 23:00:00,A,01000,PROD_BP,MIO_EUR,IE,2015,380.93,
ESTAT:AACT_EAA01$DEFAULTVIEW(1.0),15/07/22 23:00:00,A,01000,PROD_BP,MIO_EUR,IE,2016,304.81,
ESTAT:AACT_EAA01$DEFAULTVIEW(1.0),15/07/22 23:00:00,A,01000,PROD_BP,MIO_EUR,IE,2017,325.07,
ESTAT:AACT_EAA01$DEFAULTVIEW(1.0),15/07/22 23:00:00,A,01000,PROD_BP,MIO_EUR,IE,2018,361.72,
ESTAT:AACT_EAA01$DEFAULTVIEW(1.0),15/07/22 23:00:00,A,01000,PROD_BP,MIO_EUR,IE,2019,371.00,
ESTAT:AACT_EAA01$DEFAULTVIEW(1.0),15/07/22 23:00:00,A,01000,PROD_BP,MIO_EUR,IE,2020,333.17,
ESTAT:AACT_EAA01$DEFAULTVIEW(1.0),15/07/22 23:00:00,A,01000,PROD_BP,MIO_EUR,IE,2021,501.21,e
ESTAT:AACT_EAA01$DEFAULTVIEW(1.0),15/07/22 23:00:00,A,01000,PROD_BP,MIO_EUR,IS,2012,6.29,
ESTAT:AACT_EAA01$DEFAULTVIEW(1.0),15/07/22 23:00:00,A,01000,PROD_BP,MIO_EUR,IS,2013,4.70,
ESTAT:AACT_EAA01$DEFAULTVIEW(1.0),15/07/22 23:00:00,A,01000,PROD_BP,MIO_EUR,IS,2014,5.69,
ESTAT:AACT_EAA01$DEFAULTVIEW(1.0),15/07/22 23:00:00,A,01000,PROD_BP,MIO_EUR,IS,2015,3.25,
ESTAT:AACT_EAA01$DEFAULTVIEW(1.0),15/07/22 23:00:00,A,01000,PROD_BP,MIO_EUR,IS,2016,2.13,
ESTAT:AACT_EAA01$DEFAULTVIEW(1.0),15/07/22 23:00:00,A,01000,PROD_BP,MIO_EUR,IS,2017,2.99,
ESTAT:AACT_EAA01$DEFAULTVIEW(1.0),15/07/22 23:00:00,A,01000,PROD_BP,MIO_EUR,IS,2018,1.99,
ESTAT:AACT_EAA01$DEFAULTVIEW(1.0),15/07/22 23:00:00,A,01000,PROD_BP,MIO_EUR,IS,2019,3.51,
ESTAT:AACT_EAA01$DEFAULTVIEW(1.0),15/07/22 23:00:00,A,01000,PROD_BP,MIO_EUR,IS,2020,2.12,
ESTAT:AACT_EAA01$DEFAULTVIEW(1.0),15/07/22 23:00:00,A,01000,PROD_BP,MIO_EUR,IS,2021,2.94,e
ESTAT:AACT_EAA01$DEFAULTVIEW(1.0),15/07/22 23:00:00,A,01000,PROD_BP,MIO_EUR,IT,2012,4728.59,
ESTAT:AACT_EAA01$DEFAULTVIEW(1.0),15/07/22 23:00:00,A,01000,PROD_BP,MIO_EUR,IT,2013,4550.69,
ESTAT:AACT_EAA01$DEFAULTVIEW(1.0),15/07/22 23:00:00,A,01000,PROD_BP,MIO_EUR,IT,2014,4563.47,
ESTAT:AACT_EAA01$DEFAULTVIEW(1.0),15/07/22 23:00:00,A,01000,PROD_BP,MIO_EUR,IT,2015,4227.63,
ESTAT:AACT_EAA01$DEFAULTVIEW(1.0),15/07/22 23:00:00,A,01000,PROD_BP,MIO_EUR,IT,2016,4034.01,
ESTAT:AACT_EAA01$DEFAULTVIEW(1.0),15/07/22 23:00:00,A,01000,PROD_BP,MIO_EUR,IT,2017,3500.59,
ESTAT:AACT_EAA01$DEFAULTVIEW(1.0),15/07/22 23:00:00,A,01000,PROD_BP,MIO_EUR,IT,2018,3680.16,
ESTAT:AACT_EAA01$DEFAULTVIEW(1.0),15/07/22 23:00:00,A,01000,PROD_BP,MIO_EUR,IT,2019,3691.71,
ESTAT:AACT_EAA01$DEFAULTVIEW(1.0),15/07/22 23:00:00,A,01000,PROD_BP,MIO_EUR,IT,2020,3989.10,
ESTAT:AACT_EAA01$DEFAULTVIEW(1.0),15/07/22 23:00:00,A,01000,PROD_BP,MIO_EUR,IT,2021,5221.40,e
ESTAT:AACT_EAA01$DEFAULTVIEW(1.0),15/07/22 23:00:00,A,01000,PROD_BP,MIO_EUR,LT,2012,1031.79,
ESTAT:AACT_EAA01$DEFAULTVIEW(1.0),15/07/22 23:00:00,A,01000,PROD_BP,MIO_EUR,LT,2013,878.41,
ESTAT:AACT_EAA01$DEFAULTVIEW(1.0),15/07/22 23:00:00,A,01000,PROD_BP,MIO_EUR,LT,2014,863.23,
ESTAT:AACT_EAA01$DEFAULTVIEW(1.0),15/07/22 23:00:00,A,01000,PROD_BP,MIO_EUR,LT,2015,1052.61,
ESTAT:AACT_EAA01$DEFAULTVIEW(1.0),15/07/22 23:00:00,A,01000,PROD_BP,MIO_EUR,LT,2016,811.08,
ESTAT:AACT_EAA01$DEFAULTVIEW(1.0),15/07/22 23:00:00,A,01000,PROD_BP,MIO_EUR,LT,2017,881.40,
ESTAT:AACT_EAA01$DEFAULTVIEW(1.0),15/07/22 23:00:00,A,01000,PROD_BP,MIO_EUR,LT,2018,813.06,
ESTAT:AACT_EAA01$DEFAULTVIEW(1.0),15/07/22 23:00:00,A,01000,PROD_BP,MIO_EUR,LT,2019,966.86,
ESTAT:AACT_EAA01$DEFAULTVIEW(1.0),15/07/22 23:00:00,A,01000,PROD_BP,MIO_EUR,LT,2020,1209.86,
ESTAT:AACT_EAA01$DEFAULTVIEW(1.0),15/07/22 23:00:00,A,01000,PROD_BP,MIO_EUR,LT,2021,1178.89,e
ESTAT:AACT_EAA01$DEFAULTVIEW(1.0),15/07/22 23:00:00,A,01000,PROD_BP,MIO_EUR,LU,2012,31.92,
ESTAT:AACT_EAA01$DEFAULTVIEW(1.0),15/07/22 23:00:00,A,01000,PROD_BP,MIO_EUR,LU,2013,29.35,
ESTAT:AACT_EAA01$DEFAULTVIEW(1.0),15/07/22 23:00:00,A,01000,PROD_BP,MIO_EUR,LU,2014,23.19,
ESTAT:AACT_EAA01$DEFAULTVIEW(1.0),15/07/22 23:00:00,A,01000,PROD_BP,MIO_EUR,LU,2015,26.71,
ESTAT:AACT_EAA01$DEFAULTVIEW(1.0),15/07/22 23:00:00,A,01000,PROD_BP,MIO_EUR,LU,2016,18.27,
ESTAT:AACT_EAA01$DEFAULTVIEW(1.0),15/07/22 23:00:00,A,01000,PROD_BP,MIO_EUR,LU,2017,21.31,
ESTAT:AACT_EAA01$DEFAULTVIEW(1.0),15/07/22 23:00:00,A,01000,PROD_BP,MIO_EUR,LU,2018,26.18,
ESTAT:AACT_EAA01$DEFAULTVIEW(1.0),15/07/22 23:00:00,A,01000,PROD_BP,MIO_EUR,LU,2019,24.01,
ESTAT:AACT_EAA01$DEFAULTVIEW(1.0),15/07/22 23:00:00,A,01000,PROD_BP,MIO_EUR,LU,2020,22.89,
ESTAT:AACT_EAA01$DEFAULTVIEW(1.0),15/07/22 23:00:00,A,01000,PROD_BP,MIO_EUR,LU,2021,29.30,e
ESTAT:AACT_EAA01$DEFAULTVIEW(1.0),15/07/22 23:00:00,A,01000,PROD_BP,MIO_EUR,LV,2012,387.16,
ESTAT:AACT_EAA01$DEFAULTVIEW(1.0),15/07/22 23:00:00,A,01000,PROD_BP,MIO_EUR,LV,2013,321.44,
ESTAT:AACT_EAA01$DEFAULTVIEW(1.0),15/07/22 23:00:00,A,01000,PROD_BP,MIO_EUR,LV,2014,310.55,
ESTAT:AACT_EAA01$DEFAULTVIEW(1.0),15/07/22 23:00:00,A,01000,PROD_BP,MIO_EUR,LV,2015,415.11,
ESTAT:AACT_EAA01$DEFAULTVIEW(1.0),15/07/22 23:00:00,A,01000,PROD_BP,MIO_EUR,LV,2016,359.77,
ESTAT:AACT_EAA01$DEFAULTVIEW(1.0),15/07/22 23:00:00,A,01000,PROD_BP,MIO_EUR,LV,2017,376.76,
ESTAT:AACT_EAA01$DEFAULTVIEW(1.0),15/07/22 23:00:00,A,01000,PROD_BP,MIO_EUR,LV,2018,353.48,
ESTAT:AACT_EAA01$DEFAULTVIEW(1.0),15/07/22 23:00:00,A,01000,PROD_BP,MIO_EUR,LV,2019,478.91,
ESTAT:AACT_EAA01$DEFAULTVIEW(1.0),15/07/22 23:00:00,A,01000,PROD_BP,MIO_EUR,LV,2020,551.53,
ESTAT:AACT_EAA01$DEFAULTVIEW(1.0),15/07/22 23:00:00,A,01000,PROD_BP,MIO_EUR,LV,2021,564.08,e
ESTAT:AACT_EAA01$DEFAULTVIEW(1.0),15/07/22 23:00:00,A,01000,PROD_BP,MIO_EUR,MT,2012,,z
ESTAT:AACT_EAA01$DEFAULTVIEW(1.0),15/07/22 23:00:00,A,01000,PROD_BP,MIO_EUR,MT,2013,,z
ESTAT:AACT_EAA01$DEFAULTVIEW(1.0),15/07/22 23:00:00,A,01000,PROD_BP,MIO_EUR,MT,2014,,z
ESTAT:AACT_EAA01$DEFAULTVIEW(1.0),15/07/22 23:00:00,A,01000,PROD_BP,MIO_EUR,MT,2015,,z
ESTAT:AACT_EAA01$DEFAULTVIEW(1.0),15/07/22 23:00:00,A,01000,PROD_BP,MIO_EUR,MT,2016,,z
ESTAT:AACT_EAA01$DEFAULTVIEW(1.0),15/07/22 23:00:00,A,01000,PROD_BP,MIO_EUR,MT,2017,,z
ESTAT:AACT_EAA01$DEFAULTVIEW(1.0),15/07/22 23:00:00,A,01000,PROD_BP,MIO_EUR,MT,2018,,z
ESTAT:AACT_EAA01$DEFAULTVIEW(1.0),15/07/22 23:00:00,A,01000,PROD_BP,MIO_EUR,MT,2019,,z
ESTAT:AACT_EAA01$DEFAULTVIEW(1.0),15/07/22 23:00:00,A,01000,PROD_BP,MIO_EUR,MT,2020,0.00,
ESTAT:AACT_EAA01$DEFAULTVIEW(1.0),15/07/22 23:00:00,A,01000,PROD_BP,MIO_EUR,MT,2021,0.00,e
ESTAT:AACT_EAA01$DEFAULTVIEW(1.0),15/07/22 23:00:00,A,01000,PROD_BP,MIO_EUR,NL,2012,519.07,
ESTAT:AACT_EAA01$DEFAULTVIEW(1.0),15/07/22 23:00:00,A,01000,PROD_BP,MIO_EUR,NL,2013,404.17,
ESTAT:AACT_EAA01$DEFAULTVIEW(1.0),15/07/22 23:00:00,A,01000,PROD_BP,MIO_EUR,NL,2014,325.00,
ESTAT:AACT_EAA01$DEFAULTVIEW(1.0),15/07/22 23:00:00,A,01000,PROD_BP,MIO_EUR,NL,2015,340.40,
ESTAT:AACT_EAA01$DEFAULTVIEW(1.0),15/07/22 23:00:00,A,01000,PROD_BP,MIO_EUR,NL,2016,267.55,
ESTAT:AACT_EAA01$DEFAULTVIEW(1.0),15/07/22 23:00:00,A,01000,PROD_BP,MIO_EUR,NL,2017,277.58,
ESTAT:AACT_EAA01$DEFAULTVIEW(1.0),15/07/22 23:00:00,A,01000,PROD_BP,MIO_EUR,NL,2018,338.56,
ESTAT:AACT_EAA01$DEFAULTVIEW(1.0),15/07/22 23:00:00,A,01000,PROD_BP,MIO_EUR,NL,2019,323.23,
ESTAT:AACT_EAA01$DEFAULTVIEW(1.0),15/07/22 23:00:00,A,01000,PROD_BP,MIO_EUR,NL,2020,321.22,
ESTAT:AACT_EAA01$DEFAULTVIEW(1.0),15/07/22 23:00:00,A,01000,PROD_BP,MIO_EUR,NL,2021,429.24,e
ESTAT:AACT_EAA01$DEFAULTVIEW(1.0),15/07/22 23:00:00,A,01000,PROD_BP,MIO_EUR,NO,2012,410.74,
ESTAT:AACT_EAA01$DEFAULTVIEW(1.0),15/07/22 23:00:00,A,01000,PROD_BP,MIO_EUR,NO,2013,368.00,
ESTAT:AACT_EAA01$DEFAULTVIEW(1.0),15/07/22 23:00:00,A,01000,PROD_BP,MIO_EUR,NO,2014,430.86,
ESTAT:AACT_EAA01$DEFAULTVIEW(1.0),15/07/22 23:00:00,A,01000,PROD_BP,MIO_EUR,NO,2015,452.82,
ESTAT:AACT_EAA01$DEFAULTVIEW(1.0),15/07/22 23:00:00,A,01000,PROD_BP,MIO_EUR,NO,2016,434.10,
ESTAT:AACT_EAA01$DEFAULTVIEW(1.0),15/07/22 23:00:00,A,01000,PROD_BP,MIO_EUR,NO,2017,438.52,
ESTAT:AACT_EAA01$DEFAULTVIEW(1.0),15/07/22 23:00:00,A,01000,PROD_BP,MIO_EUR,NO,2018,269.06,
ESTAT:AACT_EAA01$DEFAULTVIEW(1.0),15/07/22 23:00:00,A,01000,PROD_BP,MIO_EUR,NO,2019,449.47,
ESTAT:AACT_EAA01$DEFAULTVIEW(1.0),15/07/22 23:00:00,A,01000,PROD_BP,MIO_EUR,NO,2020,424.17,
ESTAT:AACT_EAA01$DEFAULTVIEW(1.0),15/07/22 23:00:00,A,01000,PROD_BP,MIO_EUR,NO,2021,446.67,e
ESTAT:AACT_EAA01$DEFAULTVIEW(1.0),15/07/22 23:00:00,A,01000,PROD_BP,MIO_EUR,PL,2012,5070.93,
ESTAT:AACT_EAA01$DEFAULTVIEW(1.0),15/07/22 23:00:00,A,01000,PROD_BP,MIO_EUR,PL,2013,4361.35,
ESTAT:AACT_EAA01$DEFAULTVIEW(1.0),15/07/22 23:00:00,A,01000,PROD_BP,MIO_EUR,PL,2014,4107.91,
ESTAT:AACT_EAA01$DEFAULTVIEW(1.0),15/07/22 23:00:00,A,01000,PROD_BP,MIO_EUR,PL,2015,3545.09,
ESTAT:AACT_EAA01$DEFAULTVIEW(1.0),15/07/22 23:00:00,A,01000,PROD_BP,MIO_EUR,PL,2016,3530.89,
ESTAT:AACT_EAA01$DEFAULTVIEW(1.0),15/07/22 23:00:00,A,01000,PROD_BP,MIO_EUR,PL,2017,4031.34,
ESTAT:AACT_EAA01$DEFAULTVIEW(1.0),15/07/22 23:00:00,A,01000,PROD_BP,MIO_EUR,PL,2018,3660.41,
ESTAT:AACT_EAA01$DEFAULTVIEW(1.0),15/07/22 23:00:00,A,01000,PROD_BP,MIO_EUR,PL,2019,3959.36,
ESTAT:AACT_EAA01$DEFAULTVIEW(1.0),15/07/22 23:00:00,A,01000,PROD_BP,MIO_EUR,PL,2020,4658.40,
ESTAT:AACT_EAA01$DEFAULTVIEW(1.0),15/07/22 23:00:00,A,01000,PROD_BP,MIO_EUR,PL,2021,6022.14,e
ESTAT:AACT_EAA01$DEFAULTVIEW(1.0),15/07/22 23:00:00,A,01000,PROD_BP,MIO_EUR,PT,2012,329.30,
ESTAT:AACT_EAA01$DEFAULTVIEW(1.0),15/07/22 23:00:00,A,01000,PROD_BP,MIO_EUR,PT,2013,289.74,
ESTAT:AACT_EAA01$DEFAULTVIEW(1.0),15/07/22 23:00:00,A,01000,PROD_BP,MIO_EUR,PT,2014,279.18,
ESTAT:AACT_EAA01$DEFAULTVIEW(1.0),15/07/22 23:00:00,A,01000,PROD_BP,MIO_EUR,PT,2015,277.13,
ESTAT:AACT_EAA01$DEFAULTVIEW(1.0),15/07/22 23:00:00,A,01000,PROD_BP,MIO_EUR,PT,2016,247.65,
ESTAT:AACT_EAA01$DEFAULTVIEW(1.0),15/07/22 23:00:00,A,01000,PROD_BP,MIO_EUR,PT,2017,235.65,
ESTAT:AACT_EAA01$DEFAULTVIEW(1.0),15/07/22 23:00:00,A,01000,PROD_BP,MIO_EUR,PT,2018,241.69,
ESTAT:AACT_EAA01$DEFAULTVIEW(1.0),15/07/22 23:00:00,A,01000,PROD_BP,MIO_EUR,PT,2019,247.60,
ESTAT:AACT_EAA01$DEFAULTVIEW(1.0),15/07/22 23:00:00,A,01000,PROD_BP,MIO_EUR,PT,2020,234.37,
ESTAT:AACT_EAA01$DEFAULTVIEW(1.0),15/07/22 23:00:00,A,01000,PROD_BP,MIO_EUR,PT,2021,303.35,e
ESTAT:AACT_EAA01$DEFAULTVIEW(1.0),15/07/22 23:00:00,A,01000,PROD_BP,MIO_EUR,RO,2012,2807.10,
ESTAT:AACT_EAA01$DEFAULTVIEW(1.0),15/07/22 23:00:00,A,01000,PROD_BP,MIO_EUR,RO,2013,4500.89,
ESTAT:AACT_EAA01$DEFAULTVIEW(1.0),15/07/22 23:00:00,A,01000,PROD_BP,MIO_EUR,RO,2014,3852.86,
ESTAT:AACT_EAA01$DEFAULTVIEW(1.0),15/07/22 23:00:00,A,01000,PROD_BP,MIO_EUR,RO,2015,3316.34,
ESTAT:AACT_EAA01$DEFAULTVIEW(1.0),15/07/22 23:00:00,A,01000,PROD_BP,MIO_EUR,RO,2016,3448.48,
ESTAT:AACT_EAA01$DEFAULTVIEW(1.0),15/07/22 23:00:00,A,01000,PROD_BP,MIO_EUR,RO,2017,4054.52,
ESTAT:AACT_EAA01$DEFAULTVIEW(1.0),15/07/22 23:00:00,A,01000,PROD_BP,MIO_EUR,RO,2018,4877.45,
ESTAT:AACT_EAA01$DEFAULTVIEW(1.0),15/07/22 23:00:00,A,01000,PROD_BP,MIO_EUR,RO,2019,4764.68,
ESTAT:AACT_EAA01$DEFAULTVIEW(1.0),15/07/22 23:00:00,A,01000,PROD_BP,MIO_EUR,RO,2020,3085.16,
ESTAT:AACT_EAA01$DEFAULTVIEW(1.0),15/07/22 23:00:00,A,01000,PROD_BP,MIO_EUR,RO,2021,5993.17,e
ESTAT:AACT_EAA01$DEFAULTVIEW(1.0),15/07/22 23:00:00,A,01000,PROD_BP,MIO_EUR,SE,2012,971.59,
ESTAT:AACT_EAA01$DEFAULTVIEW(1.0),15/07/22 23:00:00,A,01000,PROD_BP,MIO_EUR,SE,2013,757.95,
ESTAT:AACT_EAA01$DEFAULTVIEW(1.0),15/07/22 23:00:00,A,01000,PROD_BP,MIO_EUR,SE,2014,800.76,
ESTAT:AACT_EAA01$DEFAULTVIEW(1.0),15/07/22 23:00:00,A,01000,PROD_BP,MIO_EUR,SE,2015,756.03,
ESTAT:AACT_EAA01$DEFAULTVIEW(1.0),15/07/22 23:00:00,A,01000,PROD_BP,MIO_EUR,SE,2016,695.80,
ESTAT:AACT_EAA01$DEFAULTVIEW(1.0),15/07/22 23:00:00,A,01000,PROD_BP,MIO_EUR,SE,2017,755.35,
ESTAT:AACT_EAA01$DEFAULTVIEW(1.0),15/07/22 23:00:00,A,01000,PROD_BP,MIO_EUR,SE,2018,577.17,
ESTAT:AACT_EAA01$DEFAULTVIEW(1.0),15/07/22 23:00:00,A,01000,PROD_BP,MIO_EUR,SE,2019,775.93,
ESTAT:AACT_EAA01$DEFAULTVIEW(1.0),15/07/22 23:00:00,A,01000,PROD_BP,MIO_EUR,SE,2020,839.72,
ESTAT:AACT_EAA01$DEFAULTVIEW(1.0),15/07/22 23:00:00,A,01000,PROD_BP,MIO_EUR,SE,2021,992.80,e
ESTAT:AACT_EAA01$DEFAULTVIEW(1.0),15/07/22 23:00:00,A,01000,PROD_BP,MIO_EUR,SI,2012,109.00,
ESTAT:AACT_EAA01$DEFAULTVIEW(1.0),15/07/22 23:00:00,A,01000,PROD_BP,MIO_EUR,SI,2013,77.30,
ESTAT:AACT_EAA01$DEFAULTVIEW(1.0),15/07/22 23:00:00,A,01000,PROD_BP,MIO_EUR,SI,2014,90.95,
ESTAT:AACT_EAA01$DEFAULTVIEW(1.0),15/07/22 23:00:00,A,01000,PROD_BP,MIO_EUR,SI,2015,87.01,
ESTAT:AACT_EAA01$DEFAULTVIEW(1.0),15/07/22 23:00:00,A,01000,PROD_BP,MIO_EUR,SI,2016,82.79,
ESTAT:AACT_EAA01$DEFAULTVIEW(1.0),15/07/22 23:00:00,A,01000,PROD_BP,MIO_EUR,SI,2017,75.83,
ESTAT:AACT_EAA01$DEFAULTVIEW(1.0),15/07/22 23:00:00,A,01000,PROD_BP,MIO_EUR,SI,2018,85.79,
ESTAT:AACT_EAA01$DEFAULTVIEW(1.0),15/07/22 23:00:00,A,01000,PROD_BP,MIO_EUR,SI,2019,84.75,
ESTAT:AACT_EAA01$DEFAULTVIEW(1.0),15/07/22 23:00:00,A,01000,PROD_BP,MIO_EUR,SI,2020,95.85,
ESTAT:AACT_EAA01$DEFAULTVIEW(1.0),15/07/22 23:00:00,A,01000,PROD_BP,MIO_EUR,SI,2021,133.30,e
ESTAT:AACT_EAA01$DEFAULTVIEW(1.0),15/07/22 23:00:00,A,01000,PROD_BP,MIO_EUR,SK,2012,594.15,
ESTAT:AACT_EAA01$DEFAULTVIEW(1.0),15/07/22 23:00:00,A,01000,PROD_BP,MIO_EUR,SK,2013,568.01,
ESTAT:AACT_EAA01$DEFAULTVIEW(1.0),15/07/22 23:00:00,A,01000,PROD_BP,MIO_EUR,SK,2014,614.85,
ESTAT:AACT_EAA01$DEFAULTVIEW(1.0),15/07/22 23:00:00,A,01000,PROD_BP,MIO_EUR,SK,2015,568.71,
ESTAT:AACT_EAA01$DEFAULTVIEW(1.0),15/07/22 23:00:00,A,01000,PROD_BP,MIO_EUR,SK,2016,618.38,
ESTAT:AACT_EAA01$DEFAULTVIEW(1.0),15/07/22 23:00:00,A,01000,PROD_BP,MIO_EUR,SK,2017,450.25,
ESTAT:AACT_EAA01$DEFAULTVIEW(1.0),15/07/22 23:00:00,A,01000,PROD_BP,MIO_EUR,SK,2018,575.64,
ESTAT:AACT_EAA01$DEFAULTVIEW(1.0),15/07/22 23:00:00,A,01000,PROD_BP,MIO_EUR,SK,2019,583.05,
ESTAT:AACT_EAA01$DEFAULTVIEW(1.0),15/07/22 23:00:00,A,01000,PROD_BP,MIO_EUR,SK,2020,628.01,
ESTAT:AACT_EAA01$DEFAULTVIEW(1.0),15/07/22 23:00:00,A,01000,PROD_BP,MIO_EUR,SK,2021,722.62,e
ESTAT:AACT_EAA01$DEFAULTVIEW(1.0),15/07/22 23:00:00,A,01000,PROD_BP,MIO_EUR,UK,2012,3947.35,
ESTAT:AACT_EAA01$DEFAULTVIEW(1.0),15/07/22 23:00:00,A,01000,PROD_BP,MIO_EUR,UK,2013,3962.17,
ESTAT:AACT_EAA01$DEFAULTVIEW(1.0),15/07/22 23:00:00,A,01000,PROD_BP,MIO_EUR,UK,2014,4265.67,
ESTAT:AACT_EAA01$DEFAULTVIEW(1.0),15/07/22 23:00:00,A,01000,PROD_BP,MIO_EUR,UK,2015,3929.88,
ESTAT:AACT_EAA01$DEFAULTVIEW(1.0),15/07/22 23:00:00,A,01000,PROD_BP,MIO_EUR,UK,2016,3041.62,
ESTAT:AACT_EAA01$DEFAULTVIEW(1.0),15/07/22 23:00:00,A,01000,PROD_BP,MIO_EUR,UK,2017,3524.67,
ESTAT:AACT_EAA01$DEFAULTVIEW(1.0),15/07/22 23:00:00,A,01000,PROD_BP,MIO_EUR,UK,2018,3675.30,
ESTAT:AACT_EAA01$DEFAULTVIEW(1.0),15/07/22 23:00:00,A,01000,PROD_BP,MIO_EUR,UK,2019,4177.58,
ESTAT:AACT_EAA01$DEFAULTVIEW(1.0),15/07/22 23:00:00,A,01000,PROD_BP,MIO_EUR,UK,2020,3185.83,e
